Customer #6,test-mail-5@gmail.com,+38093-555-55-56,Product #6,product_sku_6,Just a test request,2019-01-09 01:21:04,0,1
Customer #7,test-mail-5@gmail.com,+38093-555-55-57,Product #7,product_sku_7,Just a test request,2019-01-09 01:21:05,0,1
Customer #8,test-mail-5@gmail.com,+38093-555-55-58,Product #8,product_sku_8,Just a test request,2019-01-09 01:21:06,0,1
Customer #9,test-mail-5@gmail.com,+38093-555-55-59,Product #9,product_sku_9,Just a test request,2019-01-09 01:21:07,0,1
Customer #10,test-mail-5@gmail.com,+38093-555-55-60,Product #10,product_sku_10,Just a test request,2019-01-09 01:21:08,0,1
Customer #11,test-mail-5@gmail.com,+38093-555-55-61,Product #11,product_sku_11,Just a test request,2019-01-09 01:21:09,0,1
Customer #12,test-mail-5@gmail.com,+38093-555-55-62,Product #12,product_sku_12,Just a test request,2019-01-09 01:21:10,0,1
Customer #13,test-mail-5@gmail.com,+38093-555-55-63,Product #13,product_sku_13,Just a test request,2019-01-09 01:21:11,0,1
Customer #14,test-mail-5@gmail.com,+38093-555-55-64,Product #14,product_sku_14,Just a test request,2019-01-09 01:21:12,0,1
Customer #15,test-mail-5@gmail.com,+38093-555-55-65,Product #15,product_sku_15,Just a test request,2019-01-09 01:21:13,0,1
Customer #16,test-mail-5@gmail.com,+38093-555-55-66,Product #16,product_sku_16,Just a test request,2019-01-09 01:21:14,0,1
Customer #17,test-mail-5@gmail.com,+38093-555-55-67,Product #17,product_sku_17,Just a test request,2019-01-09 01:21:15,1,1
Customer #18,test-mail-5@gmail.com,+38093-555-55-68,Product #18,product_sku_18,Just a test request,2019-01-09 01:21:16,1,1
Customer #19,test-mail-5@gmail.com,+38093-555-55-69,Product #19,product_sku_19,Just a test request,2019-01-09 01:21:17,1,1
Customer #20,test-mail-5@gmail.com,+38093-555-55-70,Product #20,product_sku_20,Just a test request,2019-01-09 01:21:18,1,1
Customer #21,test-mail-5@gmail.com,+38093-555-55-71,Product #21,product_sku_21,Just a test request,2019-01-09 01:21:19,1,1
Customer #22,test-mail-5@gmail.com,+38093-555-55-72,Product #22,product_sku_22,Just a test request,2019-01-09 01:21:20,1,1
Customer #23,test-mail-5@gmail.com,+38093-555-55-73,Product #23,product_sku_23,Just a test request,2019-01-09 01:21:21,1,1
Customer #24,test-mail-5@gmail.com,+38093-555-55-74,Product #24,product_sku_24,Just a test request,2019-01-09 01:21:22,1,1
Customer #25,test-mail-5@gmail.com,+38093-555-55-75,Product #25,product_sku_25,Just a test request,2019-01-09 01:21:23,1,1
Customer #26,test-mail-5@gmail.com,+38093-555-55-76,Product #26,product_sku_26,Just a test request,2019-01-09 01:21:24,1,1
